journey_id,train_no,route_id,station_sequence,station_code,station_name,Scheduled arrival time
,12314,,0,NDLS,NEW DELHI,16:30
,12314,,1,CNB,KANPUR CENTRAL,21:10
,12314,,2,DDU,PT DEEN DAYAL UPADHYAY JN,01:23
,12314,,3,GAYA,GAYA JN,03:42
,12314,,4,DHN,DHANBAD JN,06:18
,12314,,5,ASN,ASANSOL JN,07:01
,12314,,6,DGR,DURGAPUR,07:31
,12314,,7,SDAH,SEALDAH,10:10
,12428,,0,ANVT,ANAND VIHAR TRM,22:05
,12428,,1,REWA,REWA,11:10
,12428,,2,STA,SATNA,09:45
,12428,,3,JTW,JAITWAR,09:14
,12428,,4,DBR,DABHAURA,07:48
,12428,,5,SRJ,SHANKARGARH,07:19
,12428,,6,PRYJ,PRAYAGRAJ JN,06:10
,12428,,7,MKP,MANIKPUR JN,08:33
,12428,,8,FTP,FATEHPUR,04:15
,12428,,9,CNB,KANPUR CENTRAL,03:15
,12428,,10,JJK,JHINJHAK,02:19
,12428,,11,ALJN,ALIGARH JN,23:40
,12428,,12,GZB,GHAZIABAD,22:33
,12428,,13,SRO,SIRATHU,04:53
,12628,,0,NDLS,NEW DELHI,20:20
,12628,,1,KLBG,KALABURAGI JN,00:15
,12628,,2,WADI,WADI,01:25
,12628,,3,YG,YADGIR,02:03
,12628,,4,RC,RAICHUR,03:18
,12628,,5,MALM,MANTHRALAYAM RD,03:43
,12628,,6,AD,ADONI,04:18
,12628,,7,SUR,SOLAPUR JN,22:45
,12628,,8,ATP,ANANTAPUR,06:28
,12628,,9,SSPN,SAI P NILAYAM,07:59
,12628,,10,PKD,PENUKONDA,08:19
,12628,,11,HUP,HINDUPUR,08:44
,12628,,12,YNK,YELHANKA JN,10:15
,12628,,13,BNC,BANGALORE CANT,10:54
,12628,,14,SBC,KSR BANGALORE CY JN,12:00
,12628,,15,DMM,DHARMAVARAM JN,07:25
,12628,,16,KWV,KURDUVADI,21:13
,12628,,17,GTL,GUNTAKAL JN,05:15
,12628,,18,ANG,AHMADNAGAR,18:17
,12628,,19,DD,DAUND JN,19:55
,12628,,20,MTJ,MATHURA JN,21:50
,12628,,21,AGC,AGRA CANTT,22:45
,12628,,22,GWL,GWALIOR,00:46
,12628,,23,VGLJ,V LAKSHMIBAI JHANSI,02:20
,12628,,24,BPL,BHOPAL JN,06:25
,12628,,25,ET,ITARSI JN,08:20
,12628,,26,BINA,BINA JN,04:45
,12628,,27,BAU,BURHANPUR,11:58
,12628,,28,BSL,BHUSAVAL JN,13:00
,12628,,29,JL,JALGAON JN,13:30
,12628,,30,MMR,MANMAD JN,15:30
,12628,,31,KPG,KOPARGAON,16:25
,12628,,32,BAP,BELAPUR,17:03
,12628,,33,KNW,KHANDWA,11:07
,12802,,0,ANVT,ANAND VIHAR TRM,22:45
,12802,,1,PURI,PURI,05:35
,12802,,2,KUR,KHURDA ROAD JN,03:45
,12802,,3,BBS,BHUBANESWAR,03:20
,12802,,4,CTC,CUTTACK,02:35
,12802,,5,JJKR,JAJPUR K ROAD,01:38
,12802,,6,BHC,BHADRAKH,01:08
,12802,,7,BLS,BALASORE,00:10
,12802,,8,HIJ,HIJILLI,22:35
,12802,,9,TATA,TATANAGAR JN,19:55
,12802,,10,CNI,CHANDIL JN,18:48
,12802,,11,BBM,BARABHUM,18:14
,12802,,12,PRR,PURULIA JN,17:43
,12802,,13,BKSC,BOKARO STL CITY,16:20
,12802,,14,CRP,CHANDRAPURA,15:46
,12802,,15,GMO,NSC BOSE J GOMO,15:20
,12802,,16,GTS,GHATSILA,20:41
,12802,,17,HZD,HAZARIBAGH RD,14:25
,12802,,18,PNME,PARASNATH,14:45
,12802,,19,FTP,FATEHPUR,05:00
,12802,,20,PRYJ,PRAYAGRAJ JN,06:55
,12802,,21,BDL,VINDHYACHAL,08:03
,12802,,22,MZP,MIRZAPUR,08:10
,12802,,23,CAR,CHUNAR,08:35
,12802,,24,DDU,PT DEEN DAYAL UPADHYAY JN,09:43
,12802,,25,GOY,GOVINDPURI,03:55
,12802,,26,SSM,SASARAM,11:04
,12802,,27,DOS,DEHRI ON SONE,11:20
,12802,,28,AUBR,ANUGRAHA N ROAD,11:38
,12802,,29,GAYA,GAYA JN,12:35
,12802,,30,PRP,PAHARPUR,13:18
,12802,,31,KQR,KODERMA,13:55
,12802,,32,BBU,BHABUA ROAD,10:30
,12958,,0,NDLS,NEW DELHI,19:55
,12958,,1,DEC,DELHI CANTT,20:23
,12958,,2,GGN,GURGAON,20:41
,12958,,3,JP,JAIPUR,23:45
,12958,,4,AII,AJMER JN,01:35
,12958,,5,FA,FALNA,03:48
,12958,,6,ABR,ABU ROAD,04:53
,12958,,7,PNU,PALANPUR JN,05:50
,12958,,8,MSH,MAHESANA JN,06:38
,12958,,9,SBIB,SABARMATI BG,08:05
,14310,,0,YNRK,YOGNAGARI RISHIKESH,06:15
,14310,,1,BAO,BANMOR,18:14
,14310,,2,GWL,GWALIOR,18:45
,14310,,3,SVPI,SHIVPURI,20:23
,14310,,4,KLRS,KOLARAS,20:43
,14310,,5,GUNA,GUNA,22:15
,14310,,6,KHRJ,KUMBHRAJ,23:08
,14310,,7,MRA,MORENA,17:56
,14310,,8,BRRG,BIYAVRA RAJGARH,23:50
,14310,,9,SFW,SARANGPUR,00:43
,14310,,10,SFY,SHAJAPUR,00:48
,14310,,11,MKC,MAKSI,03:05
,14310,,12,UJN,UJJAIN JN,03:55
,14310,,13,DWX,DEWAS,04:48
,14310,,14,LMNR,LAKSHMIBAI NGR,06:05
,14310,,15,PFR,PACHOR ROAD,00:16
,14310,,16,DHO,DHAULPUR,17:23
,14310,,17,RTA,RUTHIYAI,22:48
,14310,,18,RKM,RAJA KI MANDI,16:08
,14310,,19,AGC,AGRA CANTT,16:25
,14310,,20,MOTC,MOTICHUR,07:24
,14310,,21,HW,HARIDWAR JN,07:35
,14310,,22,JWP,JWALAPUR,07:52
,14310,,23,RK,ROORKEE,08:29
,14310,,24,SRE,SAHARANPUR,09:30
,14310,,25,DBD,DEOBAND,10:23
,14310,,26,RWL,RAIWALA,07:06
,14310,,27,MTC,MEERUT CITY,11:28
,14310,,28,GZB,GHAZIABAD,12:46
,14310,,29,NZM,H NIZAMUDDIN,13:35
,14310,,30,FDB,FARIDABAD,14:07
,14310,,31,KSV,KOSI KALAN,14:56
,14310,,32,MTJ,MATHURA JN,15:25
,14310,,33,MOZ,MUZAFFARNAGAR,10:43
,22457,,0,ANVT,ANAND VIHAR TRM,17:50
,22457,,1,MTC,MEERUT CITY,18:36
,22457,,2,MOZ,MUZAFFARNAGAR,19:08
,22457,,3,DBD,DEOBAND,19:26
,22457,,4,SRE,SAHARANPUR,20:00
,22457,,5,RK,ROORKEE,20:31
,22457,,6,HW,HARIDWAR JN,21:11
,22457,,7,DDN,DEHRADUN,22:35
,22487,,0,DLI,DELHI,15:15
,22487,,1,UMB,AMBALA CANT JN,17:27
,22487,,2,LDH,LUDHIANA JN,18:36
,22487,,3,PGW,PHAGWARA JN,19:06
,22487,,4,JRC,JALANDHAR CANT,19:24
,22487,,5,BEAS,BEAS,19:58
,22487,,6,ASR,AMRITSAR JN,20:45
